"castID","castName","primaryShowCode","aka","notes"
"1","Mike Enoch","tds","Mike Peinovich","host of TDS"
"2","Sven","tds","Jesse Dunstan; Seventh Son; Bjorn","host of TDS"
"3","Alex McNabb","tds",,"https://www.huffpost.com/entry/white-supremacist-emt-alex-mcnabb_n_5c0aeed4e4b0a606a9a8a967"
"4","Ghoul","tds","Cooper Ward","https://www.splcenter.org/hatewatch/2017/01/26/neo-confederates-breaking-right-stuff-after-doxxing-scandal"
"5","Jayoh de la Rey","tds",,
"6","Bulbasaur","tds","Van Bryant II","https://www.splcenter.org/hatewatch/2017/01/26/neo-confederates-breaking-right-stuff-after-doxxing-scandal"
"7","Hateful Heretic","tds",,"https://angrywhitemen.org/tag/hateful-heretic/"
"8","Andrew Anglin","tds",,"The Daily Stormer"
"9","Jazzhands McFeels","ftn",,"Fash the Nation; Jazz and Jesse"
"10","Johnny Monoxide","pp","John Ramondetta","Mike and the Mad Wop; Paranormies Present; This Week In White Genocide; Hail Victory; (Re)Moving the Goalposts"
"11","MeinKraft1001","tds",,
"12","Greg Johnson","tds",,"Counter Currents ; https://www.splcenter.org/fighting-hate/extremist-files/individual/greg-johnson"
"13","Richard Spencer","msg",,
"14","Eric Striker","sm","Joe E Jordan","Strike and Mike; The People's Square; "
"15","Meow Mix","tds","Meow Blitz",
"16","Eli Mosley","tds","Eliot Kline","https://www.nytimes.com/2018/02/05/insider/confronting-a-white-nationalist-eli-mosley.html"
"17","Christopher Cantwell","tds",,"Radical Agenda ; https://www.nbcnews.com/news/us-news/crying-nazi-christopher-cantwell-found-guilty-extortion-rape-threat-case-n1241263"
"18","Lawrence Murray","tds",,
"19","Bradshaw Wilson","pp","BradshawWilson (twitter)",
"20","Curt Doolittle","tds",,"Propertarian Institute"
"21","Raiden","tds","Robert Carlyle; Grant Madison; Michael Fallows",
"22","Claus Brinker","tds",,
"23","Graaaaaagh","tds",,
"24","James Allsup","ftn",,
"25","Kimmie Goebbels","tds",,
"26","Sean Last","tds",,
"27","Caerulus Rex","3r","Brian Brathovd","https://keybase.io/Caerulus_Rex"
"28","Charlie Hammer","tds",,
"29","Cledun","tds",,
"30","D'Marcus Liebowitz","tds","twitter: IAR_Podcast ; 1OfTheGoodGoys","Intersectional Alt-Right"
"31","Graf Rudolf","tds",,
"32","Horatio Carey","tds",,
"33","Jean-Francois Gariepy","ks",,"https://en.wikipedia.org/wiki/Jean-Fran%C3%A7ois_Gari%C3%A9py"
"34","Morrakiu","tds","Tyrant Fashister; Morriaku; MarkOvDaBeest",
"35","Patrick LeBrun","tds",,
"36","Toilet Law","tds",,
"37","Amber McLamps","tds",,
"38","Azzmador","ftn","Robert Ray","The Daily Stormer, The Krypto Report"
"39","Braden O'Fahey","tds",,"Executive producer for The Fatherland"
"40","Chase Rachels","tds",,"RadicalCapitalist"
"41","Dan Kleve","tds",,"https://unicornriot.ninja/2018/university-nebraska-faces-growing-calls-expel-violent-neo-nazi-dan-kleve/"
"42","DarkEnlightenment","ry",,
"43","Death","pp",,
"44","Duke Godwin","tds",,
"45","Just War","tds",,
"46","Larry Ridgeway","3r",,"Hate House; Love Street"
"47","Lauritz Von Guildhausen","3r","Lauritz Gildie",
"48","Matt Parrott","mf",,
"49","Musonius Rufus","ry","Bret Keylon Lynn","Rebel Yell ; https://www.splcenter.org/fighting-hate/intelligence-report/2019/identity-unmasked-meet-proprietors-internets-largest-neo-confederate-propaganda-machine"
"50","Nick B. Steves","tds",,"sometimes called ""Stoves"""
"51","Northman","tds",,
"52","Paul Kersey","tds","Michael J Thompson","https://www.rightwingwatch.org/post/hiding-in-plain-sight-the-white-nationalist-who-toiled-inside-a-right-wing-media-powerhouse/"
"53","Ryan Dawson","tds",,
"54","Sacco Vandal","tds",,
"55","Scarlett O'Stonewall","tds","Becky Elder",
"56","The Autiste","mf","Freelance Autiste; John Benton",
"57","Adam Haight","pp","Adam Haidt",
"58","Andy Warski","ks",,"appears on both killstream and tds; twitter: @andywarski"
"59","Benny Ito","tds",,
"60","Big Spaghet","tds",,
"61","Brandon Richey","tds",,
"62","Breck Magnus","tds",,
"63","Cameron Padgett","tds",,
"64","Cathedral Princess","ftn","Cathy Prince","Fash Brittania"
"65","Chef Goyardee","tds",,
"66","Christoff Dulny","nf","Chris Dulney","Nordic Alt-Right"
"67","Common Filth","tds",,
"69","Spectre","3r","Dr. Spectre; Trey Garrison","Third Rail"
"70","Elbia","tds",,
"71","Fascenis","tds",,
"72","Fash-East","tds",,
"73","Glop Knar","tds",,
"74","Goy Orbison","tds",,
"75","Gunther Vandal","tds",,
"76","Hunter Wallace","tds","Brad Griffin","League of the South, Occidental Dissent"
"77","Isaac Cohen","tds",,
"78","Jan Lamprecht","pp",,
"79","Jason Kessler","ry",,"Unite the Right planner"
"80","Jim Goad","tds",,
"81","John Eden","tds",,
"82","Literally WHO","tds",,
"83","Marcus Halberstram","ftn",,"Fash the Nation"
"84","Mark Collett","ks",,"host of This Week in the Alt-Right"
"85","Marquis Graham","tds",,
"86","Master Chim","tds",,
"87","Matthew Heimbach","mf",,"Traditionalist Worker Party"
"88","Maxwell Thruster","tds",,
"89","Mencken's Ghost","ry","Eric Field","Rebel Yell ; https://www.splcenter.org/fighting-hate/intelligence-report/2019/identity-unmasked-meet-proprietors-internets-largest-neo-confederate-propaganda-machine"
"90","Millennial Woes","tds","Colin Robertson","https://en.wikipedia.org/wiki/Millennial_Woes"
"91","Mitch Hoob","tds",,
"92","Murdoch","tds",,
"93","Nathan Damigo","ftn",,"Identity Evropa"
"94","Paddy Tarleton","pp","Patrick Corcoran","musician ; https://www.splcenter.org/hatewatch/2017/10/09/alt-right%E2%80%99s-new-soundtrack-hate"
"95","Pleasureman","tds",,
"96","RamZPaul","tpc","Paul Ramsey","https://www.splcenter.org/fighting-hate/extremist-files/individual/paul-ray-ramsey"
"97","Reinhard","tds","Intern Reinhard",
"98","Jesse Lee Peterson","tpc",,"minister"
"99","Rob Paul","tds",,
"100","Roscoe Jones","exam","RoscoeSBJones","Exodus Americanus; The Fireside Chats"
"101","Ryan Faulk","ftn","The Alternative Hypothesis; Alt Hype","youtuber"
"102","Schlomo Goldstein Silverstein Birdblatt","tds",,
"103","Scott Taylor","pp",,
"105","Stasi Fortinbras","tds",,
"106","Thorn Lockerson","tds",,
"107","Tony Hovater","tds",,
"108","Trent Holmgren","ftn",,
"109","Vasily","tds",,
"110","Wang Lin","tds",,
"111","Way of the World","tds",,
"112","Weev","ftn","Andrew Auernheimer",
"113","Wooderson","exam","Paul Preston ; Whit Wooderson; Woody White","Exodus Americanus ; https://screwstonafc.noblogs.org/post/2019/06/08/houston-realtor-paul-preston-exposed-as-nazi-group-leader/"
"114","Ethnarch","ftn",,
"115","Ricky Vaughn","ftn","Douglass Mackey",
"116","Charles Bausman","ftn",,"founder of Russia Insider"
"117","Autolycus","ftn",,
"118","Mark Bidwell","ftn","Parker Anthony Wilson","http://eltecolote.org/content/en/identity-revealed-bay-area-neo-nazi-hid-in-plain-sight/"
"119","Paul Washington","ftn",,
"120","Reactionary Tree","3r","Charles Lyons; Ryan Printy",
"121","Tharru Larbi","ftn",,
"122","Hagbard Celine","ftn",,
"123","Walt Bismarck","ftn","Uncuck the Right",
"124","Kawaii Kraken","ftn",,
"125","Meowschwitz","ftn","Irwin Romeow",
"126","Great Ape Niggy","fh","George Anthony ; Great Ape Nifty","moderator of r/coontown; TN pool party; Love Street podcast"
"127","Tila Tequila","ftn",,
"128","Kevin MacDonald","tpc",,
"129","Lana Lokteff","tpc",,
"130","Chuck Johnson","ftn",,
"131","Patrick Casey","tpc","Reinhard Wolff","Identity Evropa, American Identity Movement"
"132","Hanibal Bateman","ftn",,
"133","David Duke","tpc",,
"134","Paul Nehlen","tpc",,
"135","Baked Alaska","ftn","Anthime ""Tim"" Gionet",
"136","Pax Dickinson","ftn",,
"137","Julia Evola","hm","Julia Dunhil","Helicopter Mom"
"138","Rachel","hm",,"Helicopter Mom"
"139","Kelly","hm",,"Helicopter Mom"
"140","Madeleine","hm",,"Helicopter Mom"
"141","Evelyn","hm",,"Helicopter Mom"
"142","Volkmom","hm","Sharon",
"143","Doc Savage","mf",,"Mysterium Fasces"
"144","French Dressing","hm","Hayley",
"145","Nikko","hm","NaCl (Salt Wife)",
"146","Kristin La Faye","hm",,"Frauenschaft podcast"
"147","Vittoria Morecraft","hm",,
"148","Ayla Stewart","hm","Wife with a Purpose",
"149","Scott Mallett","hm",,
"150","Borzoi Boscovic","3r",,"Poz Button; Third Rail; Hygge House; People's Square"
"151","Practically Perfect","hm","Lynn; idunnasmom",
"152","Marcus Hale","ry",,
"153","Fiona Hale","hm",,
"154","Florian Geyer","mf","valkpol (twitter)","Host of Mysterium Fasces"
"155","Molly","hm",,"Ladies of the Culture War, youtube"
"156","Kathryn","hm",,"Ladies of the Culture War, youtube"
"157","Tercio","hm",,"Beyond the Wall"
"158","Nichole","hm",,
"159","Jill","hm",,
"160","Jay Dyer","ks","twitter: jay_D007","jaysanalysis.com; author of ""Esoteric Hollywood""; fb: jay.dyer.146"
"161","Joe","hm",,"Kelly's (HM) husband"
"162","The Distributist","hm",,"Canis Society; Youtube channel: https://www.youtube.com/channel/UCdHT7KB1gDAXZYpPW71fn0Q"
"163","Adam Smith","hm",,"Myth of the 20th Century podcast"
"164","Jim Flanders","hm","Fatherland Jim","The Fatherland podcast"
"165","Greg Conte","sm",,"NPI"
"166","Emily Youcis","tds",,
"167","Josh Smith","3r","EbolamericanX","attorney"
"168","Eldergrim","3r",,
"169","Andrew Joyce","3r",,"Occidental Observer"
"171","Frodi","3r",,
"173","Nick Fuentes","ks",,"America First, groypers"
"174","Bryden Proctor","3r",,"Right to Bryden"
"175","Faust","3r",,
"176","Dizzysaurus Rex","3r",,
"177","Leigh Huxley","3r","Doc Illusion",
"178","Vendetta Vidame","3r",,"Salting the Earth"
"179","Elizabeth from Denmark","3r","Elisa",
"180","Heathen Confederate","3r",,
"181","Chris Brosky","3r",,
"182","Smallpox Blanket","3r",,
"183","Paisios","3r",,
"184","Jay Lorenz","3r",,"Fash the Nation Editor-in-chief"
"186","John Q. Publius","ch",,"The Anatomically Correct Banana"
"187","Tom Finney","3r",,
"188","Mr. X","3r",,
"189","Stone","exam","Mr. Stone; @ExoAmericanus","Exodus Americanus host"
"190","Asgardian Rabbit","exam","Asgardian; @asgardianrabbit (twitter)",
"191","Donald Bateman","exam",,
"192","Ken","exam","@madamedefurr","Alt-Right Fights"
"193","Chad McDoogle","exam","The Doog",
"194","Ferris","exam",,
"195","Paul Town","exam",,
"196","Ed Roth","exam",,
"197","Boatsinker","exam","Clausfarre143",
"198","Matty Midwest","exam",,
"199","Bill Marchant","exam",,
"200","Beardson","exam",,
"201","Crow Hunter","exam",,
"202","Matthias","exam","fashymatthias",
"203","Simon Roche","tpc",,"Suidlanders"
"204","Charlie Fairwater","exam",,"Jeffrey Fairwater relation"
"205","Mister Metokur","ks","Jim; Internet Aristocrat; Jim81Jim","youtuber"
"206","Blake Lucca","exam",,"Wolfman’s Activism & Entertainment"
"207","Based Atlanta/Houseboat Jim","exam","@NotBasedATL; Warthog; Spaghetti Nigger Jim, Angelo Hitchcock","Exodus Americanus"
"208","Nathan Goldstein","exam","Nate Goldstein",
"209","Millennial Matt","exam","Matt Colligan","@luke_turner ; https://en.wikipedia.org/wiki/Matthew_Colligan"
"210","Walrus Aurelius","exam",,
"211","Paul Teft","exam",,
"212","Ron","exam",,"Exam producer"
"213","Hail Victory","exam","Vic","heilvictory14@gmail.com"
"214","Rory Reddington","exam","Rory Handley Jr.","Verbo Tempestas; Heel Turn network; https://angrywhitemen.org/2019/10/09/white-supremacist-radio-host-got-his-start-as-houston-proud-boys-leader/"
"215","Kaiser Wayne","exam","Kaiser","Verbo Tempestas podcast host"
"216","Southern Dingo","gt","Jeff Giovingo","host of Southern AF podcast ; https://twitter.com/AntiFashGordon/status/1226617825067819008"
"217","Myles Poland","3r","Miles Poland, Myles V","The Godcast"
"218","Ryan McMahon","ry",,
"219","Dr. Khan","ry",,
"220","Michael Hill","tpc",,"League of the South"
"221","Scott Terry","ry","Adam Dale",
"222","Michael Cushman","ry",,"League of the South"
"223","Keith Preston","ry",,
"224","Ryan Landry","ry",,
"225","Brent","ry",,
"226","Rachael","ry",,
"227","Samuel Finlay","ry",,"author"
"228","Augustus Sol Invictus","ry",,
"229","Brad Griffin","tpc","Hunter Wallace","Occidental Dissent"
"230","Rick Tyler","ry",,"congressional candidate"
"231","Harold Crews","ry",,"NC League of the South, attorney"
"232","Mark Citadel","ry",,
"233","Jeff Skyagusta","ry",,"Losing the Creek"
"234","Frog","ry",,
"235","Jonathan Nugent","ry",,
"236","Clint Lacy","ry",,"author, SCV John Coffee camp historian, alderman for city of marble hill"
"237","Vanzetti Vandal","ry",,
"238","Alan Odinson","ry",,
"239","Natt Danelaw","mf","@NattDanelaw","Radio Free Skyrim"
"240","Horus the Avenger","wrr","Tim Murdock","White Rabbit Radio; @eurorabbit; Tim Murdock"
"241","Adam Gray","ry","A.M. Grey","host of Good Morning White America"
"242","Matt Flavel","ry",,"Asatru Folk Assembly"
"243","Southern Comfort","ry",,
"244","Silas Reynolds","gmw","Lucas Gordon","Identity Dixie; https://www.splcenter.org/hatewatch/2019/07/17/retaking-everything-story-identity-dixie"
"245","William S Lind","ry",,
"246","Todd Lewis","ry",,"Attack the System, Praise of Folly"
"247","Zeffen Hardin","ry",,"Texas Congressional Candidate 2016"
"248","F. Roger Devlin","tpc",,"book author"
"249","Julie M","ry",,"friend of Augustus Sol Invictus"
"250","Tom Sunic","tpc","Tomislav Sunic",
"251","Bladen Plyler","ry",,"Counter-Revolution blog"
"252","James Harmon","ry",,"Fort Russ News"
"253","Charlie Stuart","ry",,"Thistle and Brier"
"254","John Sevier","ry",,
"255","Robert Taylor","ry",,"book author ""Reactionary Liberty"""
"256","Zach","ry",,"Riding the Stateless Tiger"
"257","Daryl Cooper","ry",,"Decline of the West podcast"
"258","Scottish Dawn","ry",,
"259","Stephen McNallen","ry",,"Asatru Folk Assembly"
"260","Nathaniel Strickland","tpc",,"owner and chief editor of FaithandHeritage.com"
"261","James Lafond","ry",,"The Combat Space"
"262","Chief Snapping Turtle","ry",,
"263","Drew Frasier","ry",,"author of The WASP question"
"264","Will Galloway","ry",,
"265","Fulwar Skipwith","ry","Russell Berry","https://www.splcenter.org/hatewatch/2019/07/17/retaking-everything-story-identity-dixie"
"266","Martin van Creveld","ry",,"""famous military theorist"""
"267","Jonas Nilsson","ry",,"author of the book Anarcho-Fascism: Nature Reborn"
"268","Lennart Svensson","ry",,"https://lennart-svensson.blogspot.com"
"269","E. Michael Jones","mf",,"https://www.adl.org/sites/default/files/documents/assets/pdf/combating-hate/E-Michael-Jones.pdf"
"270","Robert Foy","ry",,"https://www.facebook.com/xRebel.Historyx"
"271","David Thibodeau","ry",,"author of Waco: A Survivor’s Story"
"272","Geurt Marco de Wit","ry",,"Finland First"
"273","Ace","ry","M. Spadille","https://80proofoinomancy.wordpress.com"
"274","Browning Machine","ry",,"Twitter (deleted):browningmachine"
"275","Zev Hund","pp","Ian Weber","paranormies present"
"276","Nick Mason","ry",,"Myth of the 20th century"
"277","John Marshall","ry","Atavistic Poet","kinism"
"278","Yannis Chevalier","ry",,
"279","Tyler Thompson","gmw",,"Good Morning Weimerica"
"280","Patrick Bishop","gmw",,"Good Morning Weimerica"
"281","Piero San Giorgio","ry",,
"282","Laura FitzGerald","ry",,"Fight White Genocide podcast"
"283","Jeff(FWG)","ry",,"Fight White Genocide podcast"
"284","Paul von Lettow-Vorbeck","ry",,"Beyond the Wall podcast"
"285","Nassim Nicholas Taleb","ry",,"Incerto series of books"
"286","Alt Right Truth","tds",,"James Fields trial commentator"
"287","Jason Köhne","tpc","No White Guilt, Jason Koehne","youtuber"
"288","Morgoth","tds",,"Morgoth's review blog https://nwioqeqkdf.blogspot.com"
"289","Mark Brahmin","msg",,"host of Appolonian Transmission"
"290","Dixon Thiccson","ry",,"host of Ensign Hour"
"291","Cracker Jack","ry",,"host of Ensign Hour"
"292","TheZMan","ry",,"Zblog http://thezman.com/wordpress/"
"293","Joseph Cantero","ry",,
"294","Syd Synex","exam",,"host of NotFunny"
"295","Saint Nick","exam","Vernon Howell/@kamrin_iron Twitter",
"296","Chris Spicci Martin","ftn",,"not sure if this is ""The"" Spicci. Claims to live in Sweden"
"297","Richard Houck","3r","heywildrich ; Wild Rich","Wild Rich's Fed Talks"
"298","Apache","3r",,
"299","Alt Skull","ch","Sean Deats","https://angrywhitemen.org/2020/08/11/alt-skull-revealed-owner-of-white-nationalist-telegram-channel-is-an-english-instructor-living-abroad/"
"300","Electre","gt","electreismore","https://www.youtube.com/electreismore"
"301","Partisan Girl","msg","Maram Susli, Mimi, @PartisanGirl, Syrian Girl",
"302","Ingrid Carlqvist","sm",,"Swedish journalist"
"303","Patrick Little","gt",,
"304","Dino Spumoni","gt","Jared Santoro","GoyTalk founder and host ; https://twitter.com/WhiteRoseAFA/status/1320758279090352130?s=20"
"305","Jon Proby","gt",,"http://jonproby.com/"
"306","Handsome Truth","gt","Jon Minadeo","Youtuber; https://www.jta.org/2020/08/24/united-states/man-behind-the-goyim-defense-league-responsible-for-anti-semitic-la-highway-banner"
"307","Tom Tomorrow","gt",,"Meta Chan Group"
"308","Johnny Benitez","gt","Juan Cadavid","https://www.univision.com/univision-news/united-states/meet-the-hispanic-white-supremacist-in-southern-californias-alt-right-movement"
"309","Joachim Hoch","gt",,"Heel Turn"
"310","Dave Martel","gt",,"podcaster"
"311","David Wu","gt",,"https://www.counter-currents.com/2018/11/david-wu-the-great-thot-purge-of-2018/"
"312","Sway Guevara","gt","Goyim Defense League","musician; https://archive.org/details/SwayGuevara "
"313","Sarin","gt",,"host of The Gas Station"
"314","James Woods","gt","German James Woods","host of The Gas Station"
"315","John Mark","gt",,"host of Mark My Words https://www.youtube.com/channel/UCIGlVALFPYRROlXk511Cfhw"
"316","PaddockSperg","gt",,
"317","Peezy","gt",,
"318","Nolan","gt","Eric Nolan ","co-host of Goy Talk"
"319","Underwater Alex Jones","gt","Stephen Pargelen; Beefus","co-host of Goy Talk"
"320","Arnel Schwarzenigga","gt",,"co-host of Goy Talk"
"321","Chris Ancap / Kaiser Krios","gt","Chris Voluntaryist; Kaiser Kreos; IAnCap","youtuber, twitter. youtube.com/PurpleHat1991 ; https://www.bitchute.com/channel/kaiser-krios/ Revolutionary Conservative network"
"322","Owen Goyer","gt",,
"323","Imperium","gt",,"@theoldorder1"
"324","Aristos","gt",,
"325","Samaria","gt",,"defnotsamaria"
"326","Carlisle","gt",,"hosts with Southern Dingo frequently"
"327","Mike from Down Under","gt",,
"328","Elle Reeve","tds",,"Vice journalist"
"329","Bryson Gray","gt","rapper; Twitter: SuriusVsVodka",
"330","Ruthless Goy","gt",,"bowlgang"
"331","Billy Cornpop Williams","gt",,
"332","Josh Neal","msg","from ""No Apologies"" (?)",
"333","Thamster WitNat","gt","twitter thamster2",
"334","Hank Oslo","ftn",,"Myth of the 20th Century podcast"
"335","Ethan Ralph","ks",,"The Ralph Retort"
"336","Zidan","ks","Zidan Lianciel","twitter: @Zidan_Lianciel; yt: ZidanLianciel"
"337","Gator","ks",,"Twitter: @TheGatorGamer"
"338","Peter Brimelow","tpc",,"VDARE"
"339","Devon Tracey","ks","atheist roo","insta: atheist_roo, twitter: notDevonTracey"
"340","Dame Pesos","ks",,"youtube: https://www.youtube.com/channel/UC7eWRnOTyqua812sDXGqiqw/about; twitter: @elpesobueno"
"341","Sargon of Akkad","ks","Carl Benjamin","youtuber"
"342","Aydin Paladin","ks",,"twitter: @aydinpaladin"
"343","Jeremy Hambly","ks","The Quartering","youtuber; twitter: @TheQuartering"
"344","Harmful Opinions","ks",,"youtuber"
"345","Dick Masterson","ks",,"Host of the Dick Show on yt"
"346","Vee","ks",,"part of the Sargon of Akaad sphere on yt"
"347","Josh Moon","ks",,"Owner of Kiwi Farms"
"348","Boogie2988","ks","Steven Williams","youtuber; twitter: boogie2988"
"349","Keemstar","ks",,"youtuber; twitter: keemstar"
"350","Brittany Venti","ks",,"youtuber; video game streamer"
"351","Nick Rekieta","ks",,"youtuber; lawyer"
"352","Cody Wilson","ks","Radomysisky","3d printed gun guy"
"353","WildGoose","ks",,"twitter: @PunishedGoose"
"354","Bronx Blogger","ks",,"youtuber; twitter: @bronxbloggernyc"
"355","Wild Smile","ks",,"The Midnight Show; twitter: wildsmiled"
"356","Jared Taylor","tpc",,"american Renaissance"
"357","Denise McAllister","ks",,"right wing commentator; twitter: mcallisterden"
"358","Milo Yiannopoulos","ks",,
"359","Scott Greer","ks","Michael McGregor","Daily Caller; https://www.theatlantic.com/politics/archive/2018/09/a-daily-caller-editor-wrote-for-an-alt-right-website-using-a-pseudonym/569335/"
"360","Ashley Rae Goldenberg","ks",,"twitter: @communism_kills"
"361","Joey Saladino","ks","Joey Salads","twitter: joeysalads"
"362","Cassandra Fairbanks","ks",,
"363","Jaden McNeil","ks",,"fmr TPUSA; groyper; twitter: @McNeilJaden"
"364","Coach Finstock","fh","Matthew Q Gebert","host of Full Haus; https://www.splcenter.org/gebert"
"365","PotatoSmasher","fh","Michael McKevitt; Seamus Hoob","twitter: p_smasher14; p_smasher88"
"366","Sam","fh",,"host of Full Haus"
"367","Whaler","ch","Scrimshaw Saga ; twitter: ScrimshawHonk",
"368","Harry Flashman","fh",,
"369","Franz","fh",,
"370","Rob Freeman","fh",,
"371","Ahab","fh","Warren Balogh","twitter: Ahab4K; NJP"
"372","Wolfie","fh","Anna Vuckovic; Wolfie James","Coach Finstock/Matthew Q Gebert's wife"
"373","Rusty","fh",,
"374","Herb","exam",,
"375","Super Lutheran","exam",,"The Godcast"
"376","Spencer Randolph","gmw","Barnwell Rhett","Radio Free Dixie"
"377","Jim Potato Martin","gmw","Potato",
"378","Seeker","gmw","The Seeker of Truth (Paul Pale Coney?)","From The Jobsite podcast"
"379","Richard Gaylord","gmw",,"Identity Dixie"
"380","Padraig Martin","gmw",,
"381","Nero","gmw",,"Dixie Agoge"
"382","Mosby","gmw",,"Dixie Agoge"
"383","Hook","gmw",,
"384","Wulver","gmw",,
"385","Jack Kennedy","gmw",,"author of Sciath book 1"
"386","Marseille","gmw",,
"387","Joe Wasp","ry",,
"388","Tommy Payne","gmw",,
"389","Reinhard Von Krieger","pp","@IronGiardian (twitter)",
"390","Bella Dashwood","pp","@ChaniEvenstar (twitter)",
"391","Yakov Radomski","pp","YakovRadomski (twitter)",
"392","Jack Hoffman","pp",,
"393","Matteo El Distolero","pp","Yakov Alive (YouTube) @Distolero_Verde (Twitter)",
"394","Maria Hovater","pp",,"married to Tony Hovater"
"397","AstroFash","pp",,
"398","Matt Landman","pp",,"""Activist and filmmaker"""
"399","Fash Gordon","wrr",,"This Week in White Genocide podcast"
"400","Jimmy Applewhite","pp",,
"401","Brian Shillson","pp",,
"402","Jim Fetzer","pp",,
"403","Lock Boyce","pp",,
"404","Faye","pp",,
"405","Andre the Fishman","pp",,
"406","Austin Paul","pp",,
"407","Frater X","pp",,"podcast The Middle Chamber host"
"408","Kekulian","pp",,
"409","Waylon Vril","pp",,
"410","Goydee Ree","pp",,
"411","88 Showers","pp",,
"412","Dr. Mayhem","pp",,"The War Room"
"413","Ignis Faatus","pp",,"Alc Right Rises"
"414","Saul TC Mann","pp",,"from The Fatherland podcast"
"415","Rybo","pp",,
"416","Greyfield Stray","pp",,
"417","Jeffrey Fairwater","pp","Geoffrey Hoobwater ; Charlie Hoobwater","Nationalist Public Radio"
"418","Mr. K","pp",,
"419","Hazzard McCree","pp","Hazzard McRee","@HazzardMcCree twitter"
"420","Butch Leghorn","pp",,
"421","Gaius Tacitus","pp",,"Kultur Kampf"
"422","Ryan Parker","pp",,
"423","Rob Rundo","tds",,"Rise Above Movement"
"424","Greve Hans","mf",,
"425","James Futurist","mf",,
"426","Spiess","mf",,
"427","Zeiger","mf","Gabriel Sohier Chaput","https://montrealgazette.com/news/local-news/major-neo-nazi-figure-recruiting-in-montreal"
"428","Baleygr","mf",,
"429","Dagon Greyjoy","mf",,
"430","Slavros","mf","Alisher Mukhitdinov","Ironmarch administrator; https://www.splcenter.org/hatewatch/2019/05/21/mysterious-neo-nazi-advocated-terrorism-six-years-disappearance"
"431","Matthew Raphael Johnson","mf","Matthew Rafael",
"432","Marcus Rhodes","mf",,
"433","Jurgis","mf",,"member of Lithuanian group Skydas"
"434","Kazimieras","mf",,"propaganda maker for Lithuanian group Skydas"
"435","Vytautas","mf",,"video maker for Lithuanian group Skydas"
"436","Vass","mf","Corwyn Storm Carver","https://www.huffpost.com/entry/atomwaffen-division-army-soldier-investigation-corwyn-storm-carver_n_5ccb5350e4b0e4d7572fde38"
"437","Titus Flavius","mf",,
"438","Sven Longshanks","mf",,"Radio Aryan founder"
"439","Jason Augustus","mf",,"twp"
"440","Amp9k","mf",,
"441","Karel Anker","mf",,
"442","RudeForThought","mf",,
"443","R.G. Miller","tpc",,"League of the South"
"444","Podzemnik","mf",,
"445","Hans Landa","mf",,"Myth of the 20th c. podcast"
"446","Keith Woods","msg","twitter: KeithWoodsYT",
"447","Dharmakirti","3r","twitter: realDharmakirti","host of Right Wing Dharma Squad"
"448","Euro","3r",,"host of Absolute State of Britain"
"449","Nikephoros Phokas","3r",,
"450","Vile Varangian","3r","twitter: vilevarangian",
"451","Kegs4Kavanaugh","ch","twitter: @JasonFashruhe",
"452","Roux Desjardins","ry",,
"453","Tom Kawczynski","tpc",,"New Albion Project"
"454","Radio Varsavia","ry",,"https://medium.com/radio-varsavia"
"455","Destiny","ks",,
"456","Mike Boudet","ks",,"from Sword and Scale podcast"
"457","Steve Franssen","ks",,"author"
"458","Henrik Palmgren","tpc",,"red ice"
"459","Sinatra Says","ks",,"youtuber"
"460","Vince James","ks","Vincent James, Vincent James Foxx","https://www.ocweekly.com/how-lake-forests-alt-right-media-collective-the-red-elephants-twists-truth-to-make-fake-news-8382380/"
"461","Jangles Science Lab","ks",,
"462","Eggy","ks","twitter: 1eggwhite",
"463","VA Shiva","ks",,
"464","Pete D'Abrosca","ks",,"2020 congressional candidate"
"465","Adam Green","ks",,
"466","Lucian Wintrich","ks",,
"467","Frank Hassle","ks",,
"468","Nam","ch","twitter: Namlugallu","Mannerbund"
"469","Z","fh",,
"470","Moto","fh",,
"471","Dave Reilly","tds","discord: DavyCrockett","radio host"
"472","Craig Ansley","msg",,
"473","Neils","msg",,
"474","Jefferson Lee","msg",,
"475","Emil Kraepelin","ch",,
"476","Daniel Friberg","msg",,"Arktos Media"
"477","Perseus","msg","Twitter: IranianSon","co-host of The War Report"
"478","Edward Dutton","msg","twitter: jollyheretic",
"479","Tyler Hamilton","msg","thamster","Canadian"
"480","Laura Towler","msg","youtube: https://www.youtube.com/channel/UCRWRClsBI3p9gnYO8UBst2g","British"
"481","Andreas Johansson","nf",,
"482","Mikael Karlsson","nf","Mike",
"483","Johan Svensson","nf",,
"484","Jenny Svensson","nf",,
"485","Simon Holmqvist","nf",,
"486","Pär Öberg","nf",,
"487","Haakon Forwald","nf",,
"488","Juhani Keränen","nf",,
"489","Simon Lindberg","nf",,"leader of nordic resistance movement"
"490","Michael Hovila","nf",,"Finnish branch of the Nordic Resistance Movement"
"491","Antti Niemi","nf",,"Chief of the Nordic Resistance Movement in Finland"
"492","Alfred Schaeffer","nf",,
"493","Jakob Ivarsson","nf",,
"494","Daniel Nordberg","nf",,
"495","Fredrik Vejdeland","nf",,"Nordic Council"
"496","Tom Goodrich","nf",,"author of Hellstorm"
"497","Dennis Wise","nf",,"Greatest story never told"
"498","Monika Schaefer","nf",,
"499","Marcus Hansson","nf",,
"500","Martin Saxlind","nf",,"Chief editor of nordfront.se"
"501","Oscar Bergström","nf",,
"503","Julius Blomberg","nf",,
"504","Max","nf",,"Nordic Voice podcast"
"505","Grandpa Lampshade","nf","Daniel Kenneth Jeffreys",
"506","Christian Bell","nf","Based British",
"507","Paul English","nf",,"Euro Folk Radio"
"508","Arnar Björnsson","nf","Asklepios","writes for counter currents"
"509","Niall","nf",,
"510","Thomas Rousseau","nf",,"Patriot Front"
"511","Choroin O'Ceallaigh","ch",,"Republic Standard writer"
"512","Ash Sharp","ch",,"Republic Standard editor"
"513","Black Sun Diz","ch",,
"514","Dr. Illusion","ch","twitter: douchecc","host of Illusion Radio"
"515","John King","ch","twitter: kingaling",
"516","William Triumph","ch","twitter:williamtriumph",
"517","Townes Van Plants","ch","twitter: TownesVanPlants",
"518","Fellow Hebrews","ch","twitter: fellowhebrews",
"519","Dillon Schmitt","ch",,
"520","Roger Wolff","ch",,
"521","US Uprising","ch",,
"522","Vastarien","ch",,
"523","Theo Ostro","ch",,
"524","Loretta Malakie","ch","Loretta the Prole",
"525","Evelyn Dare","ch",,
"526","Fredo","ch",,
"527","Skeptical Hippo","ch",,
"528","Chas Caledon","ch",,"artist and illustrator"
"529","Forgotten Nationalist","ch","twitter:truthbeauty_2",
"530","Jessica Isabel Robeson","ch","twitter:jessRobeson",
"531","Pikachu","ch",,
"532","Jeanne LaDarc","ch",,
"533","Jaenelle Antas","tpc","PhilosophiCat","secretary for David Irving holocaust denier; https://www.phoenixnewtimes.com/news/david-irving-the-cowardly-holocaust-denier-and-his-gal-friday-jaenelle-antas-6498994; https://angrywhitemen.org/2020/08/17/this-white-power-folk-singer-was-once-the-personal-assistant-to-holocaust-denier-david-irving/"
"534","Maestro","ch",,
"535","Mia Vendetta","ch",,
"536","Zero Schizo","ch",,
"537","Racial Consciousness","ch",,
"538","Eugene Panferov","ch",,
"539","A Very Nice Man","ch",,
"540","Ruffian","ch",,
"541","Billy Rando","ch",,
"542","Tim Kelly","ch",,
"543","Tom Bowie","wrr","twitter: tomcloned",
"544","Truck Roy","wrr",,"Stormfront Radio"
"545","Set","wrr",,"it's ok to be white meme"
"546","Poseidon","wrr","twitter: EuroNationalism; dlive: realposeidon; youtube: poseidonlive",
"547","Semiogogue","wrr",,
"548","James Edwards","tpc",,"Host of The Political Cesspool"
"549","Austin Farley","tpc",,
"550","Adam Rott","tpc",,"Young patriot series 2006; Oklahoma Corridor Watch, 2007"
"551","Adrian Davies","tpc",,"barrister from London"
"552","Alan Stang","tpc",,"author, RBN host"
"553","Alex Carmichael","tpc",,"League of American Patriots"
"554","Alveda King","tpc",,"niece of MLK, republican"
"555","Andrew Clarksenior","tpc",,"Black leader in Memphis"
"556","Andrew Coulson","tpc",,"Cato Institute director"
"557","Andrew Fraser","tpc",,"Professor Emeritus Macquarie University"
"558","Andrew McBride","tpc",,"co-founder of Britain First"
"559","Andy Nowicki","tpc",,"writer for Last Ditch"
"560","Angela ""Bay"" Buchanan","tpc",,"Bay is the former Treasurer of the United States and now heads up Team America PAC. Many also recognize Ms. Buchanan as the sister of former Presidential Candidate Pat Buchanan."
"561","Angelo Cobrasci","tpc",,"founder of Defenders of Freedom"
"562","Anthony Cumia","tpc",,"radio host"
"563","April Gaede","tpc",,"singer"
"564","Art Frith","tpc",,"producer of tpc"
"565","Ashley Russell","tpc",,"TPC ""correspondent"", south carolina college student"
"566","Barbara Cooper","tpc",,"TN state representative"
"567","Barrie Schwortz","tpc",,"shroud of turin expert"
"568","Bill Balsamico","tpc",,"restaurant owner"
"569","Bill Cowell","tpc",,"vietnam vet, author of song ""9/11 was an inside job"""
"570","Bill Jasper","tpc",,
"571","Bill Johnson","tpc",,"American Third Position chairman"
"572","Bill Rolen","tpc",,"Council of Conservative Citizens"
"573","Bill Sardi","tpc",,"health journalist"
"574","Bill Wood","tpc",,
"575","Billy the Heretic","tpc",,"cartoonist"
"576","BJ Ellis","tpc",,"radio host"
"577","Bo Gritz","tpc",,"ruby ridge ; https://www.splcenter.org/fighting-hate/extremist-files/individual/bo-gritz"
"578","Bob Copley","tpc",,
"579","Bob Griswold","tpc",,"owner of Ready Made Resources"
"580","Bob Murphy","tpc",,"economist, author of Politically Correct Guide to Capitalism"
"581","Bob Whitaker","tpc",,"https://www.splcenter.org/fighting-hate/intelligence-report/2013/following-white-rabbit"
"582","Bobby Lee","tpc",,"host of Conspiracy Facts, Tampa FL"
"583","Bonnie Eggle","tpc",,
"584","Brandy Stokes","tpc",,"former teacher"
"585","Bret McAtee","tpc",,"Reverend"
"586","Brian Pace","tpc",,"local leader of CofCC"
"587","Brian Patrick Mitchell","tpc",,"former political reporter"
"588","Brian Wilson","tpc",,"from Toledo (?)"
"589","Candy Rabbitt","tpc",,"Southern singer"
"590","Carl ""Twofeathers"" Whitaker","tpc",,"Gubernatorial candidate TN"
"591","Carl Giammarese","tpc",,"lead singer of The Buckinghams"
"592","Carlton Huffman","tpc",,"The American Cause, Team America PAC"
"593","Catherine Chestnutt","tpc",,"musician"
"594","CC Conrad","tpc",,"author"
"595","Charles Goyette","tpc",,"radio talk show host"
"596","Charles Key","tpc",,"state rep R-OK"
"597","Charlotte Iserbyt","tpc",,"Reagan administration"
"598","Chris Burcky","tpc",,"politically incorrect bookstore in Memphis"
"599","Chris Holley","tpc",,"coordinator of the Memphis Ron Paul meetup group"
"600","Chris Simcox","tpc",,"Co-Founder of Minutemen Project"
"601","Chris Sullivan","tpc",,"VC of Hunley Commission"
"602","Chuck Baldwin","tpc",,"baptist pastor"
"603","Clint Johnson","tpc",,"author of Politically Incorrect Guide to the South"
"605","Colin Flaherty","tpc",,"author of White Girl Bleed a Lot"
"606","Collin Houseal","tpc",,"League of the South leader"
"607","Constance Cumby","tpc",,"activist christian author"
"608","Cory Burnell","tpc",,"President of Christian Exodus"
"609","Courtney from Alabama","tpc",,"caller"
"610","Craig Bodeker","tpc",,"filmmaker"
"611","Craig Langley","tpc",,"poet"
"612","Curry Todd","tpc",,"TN state rep"
"613","Cynthia Zerga","tpc",,
"614","Dan Sheehy","tpc",,"anti-immigration activist"
"615","Darlene Fitzgerald","tpc",,"anti-immigrant author"
"616","David Bush","tpc",,"director of the Johnson Island Confederate Prison, OH"
"617","David Duncan","tpc",,"Civil War Preservation Trust"
"618","David Heppler","tpc",,"Arizona Border Watch"
"619","David Hill","tpc",,"field coord for CofCC"
"620","David McCrory","tpc",,
"621","David Ray Griffin","tpc",,"retired professor of philosophy of religion"
"622","David Rogers","tpc",,"Pastor of Lighthouse Baptist Church"
"623","David Saied","tpc",,"former head of public policy for Panama govt"
"624","David Whitney","tpc",,"Institute on the Constitution"
"625","David Yeagley","tpc",,"aka ""bad eagle"" commentator, ancestor of native american ""bad eagle"""
"626","Dennis Cuddy","tpc",,"historian and political analyst"
"627","Dennis Spruell","tpc",,"Sheriff Montezuma County CO"
"628","Derek Black","tpc",,"son of Don Black"
"629","Don Black","tpc",,"Stormfront.org proprietor"
"630","Don Rich","tpc",,"professor"
"631","Don Wassall","tpc",,"Editor of Nationalist Times"
"632","Donald Harrison","tpc",,"docent at Elmwood Cemetery"
"633","Doug Bandow","tpc",,"VP of policy for Citizen Outreach"
"634","Doug French","tpc",,"vp of a nevada bank and editor of Liberty Watch magazine"
"635","Doug Mackenzie","tpc",,"econ professor"
"636","Drue Lackey","tpc",,"former police chief in Montgomery, AL"
"637","Earl Holt","tpc",,"President of CofCC"
"638","EC Jones","tpc",,"Memphis City Council"
"639","Ed Steele","tpc",,"attorney and spokesman for duo ""Prussian Blue"""
"640","Eddie Miller","tpc",,"local activist, aka ""The Bombardier"""
"641","Edmund Connelly","tpc",,"columnist for Occidental Quarterly"
"642","Edward Stringham","tpc",,"econ professor"
"643","Edwin Taylor","tpc",,"energy and physics ""expert"""
"644","Edwin Vieira","tpc",,"author"
"645","Ernie Chambers","tpc",,"NB state senator"
"646","Ernest Hancock","tpc",,"frequent libertarian candidate for office; producer for Charles Goyette show"
"647","Eric Margolis","tpc",,"journalist"
"648","Eustace Mullins","tpc",,
"649","Ezola Foster","tpc",,"Pat Buchanan's running mate"
"650","Filip Dewinter","tpc",,"member of Belgian parliament"
"651","Frank Borzellieri","tpc",,"professor at St. John's University, AmRen contributor"
"652","Frank Roman","tpc",,"founder of European Americans United"
"653","Franklin Sanders","tpc",,"Chairman of TN League of the South"
"654","Frosty Wooldridge","tpc",,"author"
"655","Gary Brummett","tpc",,"survivor of attack on USS Liberty"
"656","Gary Puckett","tpc",,"musician"
"657","Gary Sinise","tpc",,"actor"
"658","Gaurav Ahuja","tpc",,
"659","Gene Andews","tpc",,"high school history teacher, former commander of SCV"
"660","Gene Dressel","tpc",,"division commander for MO SCV"
"661","Geoff Melton","tpc",,"""webmaster"" for tpc"
"663","George Wallace Jr","tpc",,"son of politician"
"664","Glenn McConnell","tpc",,"SC senator R-41"
"665","Gordon Baum","tpc",,"CEO of the Council of Conservative Citizens"
"666","Gottfried Dulias","tpc",,"german air force pilot in ww2"
"667","Greg Johnson","tpc",,"Editor of Occidental Quarterly"
"668","Gregg Farrier","tpc",,
"669","Hal Moore","tpc",,"Retired Lt. General"
"670","Hal Netkin","tpc",,"former campaign manager for a mayoral candidate in Los Angeles"
"671","Harry Cooper","tpc",,"exec dir Sharkhunters Intl"
"672","Harry Dace","tpc",,
"673","Henry Makow","tpc",,"Save the Males web site"
"674","HK Edgerton","tpc",,"Black confederate"
"675","Hutton Gibson","tpc",,"Mel Gibson's dad"
"676","Ilana Mercer","tpc",,"WorldNetDaily columnist and author"
"677","Isabel Lyman","tpc",,"author of Homeschooling Revolution"
"678","Jack McLamb","tpc",,"police officer"
"679","Jack Ryan","tpc",,"TPC contributor"
"680","Jacob Kachelhofer","tpc",,"advertising rep for American Free Press"
"681","Jaenal Antas","tpc",,
"682","James Braddy","tpc",,"discusses energy related concerns"
"683","James D. Jones","tpc",,"America First Party of TN"
"684","James Hart","tpc",,"TN district 8 candidate"
"685","James Lancia","tpc",,"former leo, author of Downtown White Police"
"686","James Manning","tpc",,"youtuber"
"687","James Ostrowski","tpc",,"attorney and columnist for LewRockwell.com"
"688","James Russell","tpc",,"author"
"689","Jamie Kelso","tpc",,"Nick Griffin trial"
"690","Janiece Hamblen","tpc",,"wife of Rich Hamblen"
"691","Jason Bartlett","tpc",,"walking across america to raise awareness of farmers in South Africa"
"692","Jay Lakin","tpc",,"business owner"
"693","Jerome Corsi","tpc",,"politics author"
"694","Jess Bonds","tpc",,
"695","Jim Feijo","tpc",,"radio host"
"696","Jim Gilchrist","tpc",,"co-founder of minuteman project"
"697","Jim Jamieson","tpc",,"former candidate for TN state rep"
"698","Jim Rothstein","tpc",,"retired NYC detective"
"699","Jimmy X","tpc",,"host of Radio X in Buffalo NY"
"700","Joan Veon","tpc",,"world net daily columnist"
"701","Joe McCutchen","tpc",,"Protect Arkansas NOW"
"702","Joe Sobran","tpc",,"former national review editor"
"703","Joe Terry","tpc",,"Do oWop group ""Danny and the Juniors"""
"704","Joel LeFevre","tpc",,"editor of Citizens Informer (CofCC)"
"705","John Allen","tpc",,"author of Global War on Christians"
"706","John Cobin","tpc",,"Policy of Liberty"
"707","John DeCamp","tpc",,"former NE legislator"
"708","John Derbyshire","tpc",,
"709","John Farmer","tpc",,"TN 8th district candidate, founder of bluecollarrepublican.com"
"710","John Francis","tpc",,"political organizer"
"711","John Gardner","tpc",,"investment advisor"
"712","John Harvey","tpc",,"candidate for Shelby county sheriff"
"713","John Lott","tpc",,"professor at suny binghamton, econ"
"714","John Remington Graham","tpc",,"author"
"715","John Raterink","tpc",,"MI chapter of CofCC"
"716","John Tait","tpc",,
"717","John Ubele","tpc",,"chairman of Sons of Liberty Committee"
"718","John Weaver","tpc",,"pastor of Dominion Ministry"
"719","John Wesley","tpc",,"host of Identity Rising podcast"
"720","John Willingham","tpc",,
"721","Jonas De Geer","tpc",,"Swedish radio personality"
"722","Jonas Nilsson","tpc",,"Swedish filmmaker"
"723","Joseph Scheidler","tpc",,"natl director for Pro-Life Action League"
"724","Joseph Turner","tpc",,
"725","Juan Fernando Carpio","tpc",,"austrian economist"
"726","June Griffin","tpc",,"Culture War Veterans Association, candidate in TN"
"727","Justin Cottrell","tpc",,"author"
"728","Karen Kwiatkowski","tpc",,"USAF retired"
"729","Karin Smith","tpc",,"host of radio free south africa"
"730","Kathy Shaidle","tpc",,"author of The Tyranny of Nice"
"731","Kayla","tpc",,"aka Big Cat Kayla; A Comfy Tangent show"
"732","Keith Alexander","tpc",,"attorney"
"733","Ken Platt","tpc",,"Clean Fuels Technology"
"734","Kenn Gividen","tpc",,"former candidate and book author, American Freedom Party"
"735","Kevin Gutzman","tpc",,"The Politically Incorrect guide to the constitution author"
"736","Kim","tpc",,"""homeschooling/homechurching mother-of-five"""
"737","Kirk Lyons","tpc",,"founder of Southern Legal Resource Center"
"738","Kirkpatrick Sale","tpc",,"Middlebury Institute"
"739","Kris Blankenship","tpc",,"sleepbetternextweek.com"
"740","KrisAnne Hall","tpc",,"author, talk show host and Christian Constitutionalist"
"741","Kyle Bisutti","tpc",,"Victoria's Secret model and book author"
"742","Kyle Bristow","tpc",,"white supremacist lawyer"
"743","Kyle Rogers","tpc",,"Council of Conservative Citizens"
"744","Lacey Lynn","tpc",,"tradwife youtuber"
"745","Larry Darby","tpc",,"candidate for AG from AL"
"746","Larry Pratt","tpc",,"exec director of Gun Owners of America"
"748","Lee Millar","tpc",,"camp commander for SCV"
"749","Linda Muller","tpc",,"forthecause.us ; anti-immigrant activist"
"750","Lurleen Wallace","tpc",,"author of book about George Wallace"
"751","Marcus Epstein","tpc",,"writer for Vdare, etc"
"752","Marguerite Jones","tpc",,"Exec director for Fully Informed Jury Association"
"753","Marc Krieger","tpc",,"financial advisor and author"
"754","Marc Stevens","tpc",,"radio host, author"
"755","Mark Burns","tpc",,
"756","Mark Edwards","tpc",,"talk radio host"
"757","Mark Glenn","tpc",,"RBN radio host"
"758","Mark Thornton","tpc",,"economist"
"759","Mark Weber","tpc",,"holocaust denier"
"760","Marshall Rawson","tpc",,"high schooler involved with League of the South"
"761","Mary Ann Peckham","tpc",,"TN Civil War Preservation Trust"
"762","Matt Furse","tpc",,"pastor and author of Who is Israel book"
"763","Matthew Drake","tpc",,"youtuber"
"764","Merlin Miller","tpc",,"filmmaker"
"765","Michael Andrew Grissom","tpc",,"author of confederate books"
"766","Michael Bray","tpc",,"anti-choice activist"
"767","Michael Collins Piper","tpc",,"reporter for America Free Press"
"768","Michael Corbin","tpc",,"talk show host"
"769","Michael Gaddy","tpc",,"Minutemen Project in Arizona"
"770","Michael Hirt","tpc",,"layman exorcist"
"771","Michael Peroutka","tpc",,"Constitution Party candidate"
"772","Mickey White","tpc",,"political candidate in TN"
"773","Mike Armstrong","tpc",,"John Birch Society"
"774","Mitchell Morrison","tpc",,"leader of the John Birch Society about the Free Trade Area of the Americas (FTAA)"
"775","Nathan Muller","tpc",,"founder of forthecause."
"776","Nathanael Kapner","tpc",,"activist, russian orthodox"
"778","Nicholas Stix","tpc",,"Men's News Daily"
"779","Nick Griffin","tpc",,"chairman of the british national party and member of european parliament"
"780","Olaf Childress","tpc",,"editor of First Freedom"
"781","Pat McGarrity","tpc",,"Bill Clinton impersonator"
"782","Pat Shannan","tpc",,"American Free Press newspaper"
"783","Patricia Aiken","tpc",,"Cardioprim huckster"
"784","Patrick J. Buchanan","tpc",,"politician"
"785","Paul Babau","tpc",,"Sheriff of Pinal County AZ"
"786","Paul Craig Roberts","tpc",,"author and far-right columnist"
"787","Paul Fromm","tpc",,"canadian politician"
"788","Paul Gottfried","tpc",,"Elizabethtown College professor, far-right columnist"
"789","Perry Short","tpc",,"author of Generation of Warriors"
"790","Peter Gemma","tpc",,"far right columnist"
"791","Peter Hallock","tpc",,"Liberty Dollar regional currency office"
"792","Peter J. Peters","tpc",,"pastor"
"793","Peter Stanton","tpc",,"international correspondent for tpc"
"794","Phil Tourney","tpc",,"survivor of attack on USS Liberty"
"795","Phillip Haddad","tpc",,
"796","Poker Face","tpc",,"band"
"797","Preston Wiginton","tpc",,"activist"
"798","Randy Gray","tpc",,"activist"
"799","Ray Griffin","tpc",,"retired professor of philosophy"
"800","Ray Herrera","tpc",,"Minutemen project"
"801","Ray McBerry","tpc",,"President of Dixie Broadcasting"
"802","Reed Heustis","tpc",,"Christian Constitutionalist"
"803","Regan O'Carroll","tpc",,"author"
"804","Ricardo Duchesne","tpc",,"professor of sociology at UNB"
"805","Rich Hamblen","tpc",,"League of the South"
"806","Richard Barrett","tpc",,"attorney for James Hart"
"807","Richard Flowers","tpc",,"curator of Beauvoir, the Jefferson Davis home"
"808","Richard Lynn","tpc",,"race scientist"
"809","Richard Mack","tpc",,"sheriff of Graham County AZ"
"810","Rick Revel","tpc",,"musican"
"811","Roan Garcia-Quintana","tpc",,"executive director of Americans Have Had Enough anti-immigrant"
"812","Robert Barkdoll","tpc",,"chairman of missouri league of the south"
"813","Robert Mazur","tpc",,"former FBI agent, book author"
"814","Rocky D","tpc",,"talk radio host in Charleston"
"815","Roger Simmermaker","tpc",,
"816","Ron Kukal","tpc",,"survivor of attack on USS Liberty"
"817","Ron Lanfear","tpc",,"TN state coordinator for John Birch Society"
"818","Russell James","tpc",,"social theorist"
"819","Ryan Murdough","tpc",,"candidate in NH"
"820","Sam Bushman","tpc",,"host of Liberty Roundtable"
"821","Sam Dickson","tpc",,"klan lawyer"
"822","Scott Goldsmith","tpc",,"owner of Dixie Republic"
"823","Scott Harris","tpc",,"director of New Market battlefield"
"824","Sean Bergin","tpc",,"former news reporter"
"825","Shannon McGauley","tpc",,"Texas Minutemen"
"826","Shawn McTammany","tpc",,"Mississippi Militia"
"827","Sid Secular","tpc",,"DC leader of CofCC"
"828","Simon Darby","tpc",,"British national party"
"829","Sonny Landham","tpc",,"actor"
"830","Sonny Thomas","tpc",,"Resolution Radio"
"831","Southern Avenger","tpc",,"talk radio show host"
"832","Stan Hess","tpc",,"activist"
"833","Stanley K. Lott","tpc",,"author"
"834","Stanley Monteith","tpc",,"anti-gay activist"
"835","Stephen Baskerville","tpc",,"President of the American Coalition of Fathers and Children"
"836","Stephen Sniegoski","tpc",,"far-right author"
"837","Steve Farron","tpc",,"former professor of classics"
"838","Steve McIntyre","tpc",,"southern heritage activist"
"839","Steve Sailer","tpc",,"vdare columnist"
"840","Tarry Beasley","tpc",,"Commander of the Army of Tennessee; Sons of the Confederate Veterans"
"841","Ted Pike","tpc",,"reverend"
"842","Ted Twietmeyer","tpc",,"engineer"
"843","Terry Anderson","tpc",,
"844","Terry Anderson","tpc",,"talk show host"
"845","Terry Lyons","tpc",,
"846","Terry Roland","tpc",,"candidate for TN state senate"
"847","Texe Marrs","tpc",,"author of Dark Secrets of the New Age"
"848","Thomas DiLorenzo","tpc",,"author"
"849","Thomas Naylor","tpc",,"Professor emeritus of economics at Duke"
"850","Thomas Ray Floyd","tpc",,"reverend"
"851","Thomas Szasz","tpc",,"Professor emeritus of psychology, cato institute"
"852","Tim Adams","tpc",,"former politician in Hawaii"
"853","Tom Baugh","tpc",,"book author, anti-socialist"
"854","Tom Dover","tpc",,"President of CofCC"
"855","Tom Sell","tpc",,"former dentist, dateline interview"
"856","Tommy Devito","tpc",,"musician"
"857","Tommy Lee","tpc",,"Brice's Crossroads Museum"
"858","Traven Tucker","tpc",,"musician"
"859","Tricia Feijo","tpc",,"radio host"
"860","Virginia Abernethy","tpc",,"professor emerita Vanderbilt"
"861","Waite Rawls","tpc",,"Museum of the confederacy"
"862","Walter Block","tpc",,"econ professor"
"863","Walter Jones","tpc",,"R-NC"
"864","Walter Reedy","tpc",,"founder of The Committees of Safety"
"865","Walter Yurkiw","tpc",,"fmr officer in NYPD, now stars in The Seven Five documentary"
"866","Wayne Allyn Root","tpc",,"political commentator with Fox News"
"867","Wayne Lutton","tpc",,"Social Contract Press"
"868","Wilburn Sprayberry","tpc",,"writer"
"869","William Flax","tpc",,"attorney, activist, author"
"870","William Gheen","tpc",,"President of the Americans for Legal Immigration PAC"
"871","William Lind","tpc",,"military affairs pundit"
"872","William Rome","tpc",,"author and poet"
"873","Winston Smith","tpc",,"TPC co-host"
"874","Yuri Maltzev","tpc",,"econ professor"
"875","John Rawl","tpc",,
"876","Bob Farrell","tpc",,"Chairman of the Indiana Council of Conservative Citizens"
"877","Tim Cook","tpc",,"political candidate TN"
"878","Bill Patterson","tpc",,"local campaign strategist TN"
"879","John Kennedy","tpc",,"chapter leader of a New England chapter of the Council of Conservative Citizens"
"881","Anthony Gregory","tpc",,"LewRockwell.com columnist"
"882","Mark Green","tpc",,"book author"
"883","Mark Crovelli","tpc",,"columnist"
"884","Ted Nugent","tpc",,
"885","Alex Kurtagic","tpc",,"novelist"
"886","Michael Kashouty","tpc",,
"887","Ray Stevens","tpc",,"musician"
"888","Sydney Leathers","tpc",,"Anthony Weiner sexting scandal"
"889","Evan McLaren","tpc",,"National Policy Institute"
"890","The Copperhead","tpc",,
"891","Angelo John Gage","tpc",,"anti war demonstrator, former marine"
"892","David Jones","tpc",,"president of southern national congress"
"893","Zeljko Glasnovic","tpc",,"croatian parliament"
"894","Dr. Murdoch","tds",,"Murdoch Murdoch"
